<?xml version="1.0" encoding="UTF-8"?>
<hack name="Foreground Water without using Background Slot" author="BLink">
	<panel>
		<panel>
			<field type="label">Foreground Water (via NPC 191) while still having the background!</field>
			<field type="label">(Never set map bk to 3, it doesn't do anything anymore).</field>
			<field type="label">The sprite is now in bullet.bmp and it's in the lower right section.</field>
			<field type="label">(See foregroundwater_example.bmp in the /hacks/bitmap/ folder).</field>
			<field type="label">The only problem with this hack is you can only use one color of water now.</field>
		</panel>
		<panel>
			<field type="data" offset="0x402830">
			55 8B EC 83 EC 44 C7 45 C8 04 01 00 00 C7 45 CC 80
			00 00 00 C7 45 D0 24 01 00 00 C7 45 D4 90 00 00 00
			C7 45 D8 04 01 00 00 C7 45 DC 90 00 00 00 C7 45 E0
			24 01 00 00 C7 45 E4 B0 00 00 00 A1 88 9C 49 00 89
			45 BC 83 7D BC 03 74 05 90 90 90 90 90 8B 45 08 99
			81 E2 FF 3F 00 00 03 C2 C1 F8 0E 89 45 EC 8B 4D EC
			83 C1 0B 89 4D F0 C7 45 FC 00 00 00 00 8B 55 FC 83
			C2 20 89 55 C4 8B 45 FC 89 45 F8 EB 09 8B 4D F8 83
			C1 01 89 4D F8 8B 55 F8 3B 55 C4 0F 8D DB 00 00 00
			8B 45 F8 C1 E0 05 C1 E0 09 99 81 E2 FF 01 00 00 03
			C2 8B C8 C1 F9 09 8B 45 0C 99 81 E2 FF 01 00 00 03
			C2 C1 F8 09 2B C8 A1 90 9C 49 00 99 81 E2 FF 01 00
			00 03 C2 C1 F8 09 03 C8 89 4D E8 83 7D E8 E0 7D 02
			EB A5 81 7D E8 F0 00 00 00 7E 05 E9 87 00 00 00 8B
			55 EC 89 55 F4 EB 09 8B 45 F4 83 C0 01 89 45 F4 8B
			4D F4 3B 4D F0 7D 69 8B 45 F4 C1 E0 05 C1 E0 09 99
			81 E2 FF 01 00 00 03 C2 8B C8 C1 F9 09 8B 45 08 99
			81 E2 FF 01 00 00 03 C2 C1 F8 09 2B C8 89 4D C0 6A
			11 8D 55 D8 52 8B 45 E8 50 8B 4D C0 51 68 1C F9 48
			00 E8 47 9A 00 00 83 C4 14 83 7D F8 00 75 1B 6A 11
			</field>
		</panel>
	</panel>
</hack>