<?xml version="1.0" encoding="UTF-8"?>
<hack name="Large Face Hack" author="Doors">
	<panel>
		<panel>
			<field type="info">
				Resizes facepic frame to 96x144 and rearranges
				message box to accommodate. This hack will
				replace the second FAC command.
			</field>
			<field type="info">
				Keep Face.bmp width to 288 pixels. Three
				facepics will fit per line. It is recommended
				not to use backgrounds for these facepics.
			</field>
		</panel>
		
		<panel col = "1">
			<field type="data" offset="0x422087">
			E8 28 2E 00 00 90 90 90 90 90 90 90 90 90 90 90 90 90 90 90 90 90 90 90 90 90 90 90 90 90 90 90
			90 90 90 90 90 90 90 90 90 90 90 90 90 90 90 90 90 90 90 90 90 90 90 90 90 90 90 90 90 90 90 90
			90 90 90 90 90 90 90 90 90 90 81 3D 10 5B 4A 00 00 68 00 00 7D 12 8B 0D 10 5B 4A 00 81 C1 00 10
			00 00 89 0D 10 5B 4A 00 6A 1B 8D 95 68 FF FF FF 52 6A 60 6A 0C 90 90 90 90 90 90 90 90 90 90 90
			90 90 90 90 90 90 90 90 90 90 90 90 68 1C F9 48 00 E8 A3 A2 FE FF 83 C4 14 83 3D 0C 5B 4A 00 00
			74 09 C7 45 EC 39 00 00 00
			</field>
			
			<field type="data" offset="0x424eaf">
			E9 7F 00 00 00 A1 0C 5B 4A 00 99 B9 03 00 00 00 F7 F9 6B D2 60 89 95 68 FF FF FF A1 0C 5B 4A 00
			99 B9 03 00 00 00 F7 F9 69 C0 90 00 00 00 89 85 6C FF FF FF 8B 95 68 FF FF FF 83 C2 60 89 95 70
			FF FF FF 8B 85 6C FF FF FF 05 90 00 00 00 89 85 74 FF FF FF C3 90 90 90 90 90 90 90 90 90 90 90
			90 90 90 90 90 90 90 90 90 90 90 90 90 90 90 90 90 90 90 90 90 90 90 90 90 90 90 90 90 90 90 90
			90 90 90 90
			</field>
		</panel>
	</panel>
</hack>