<?xml version="1.0" encoding="UTF-8"?>
<hack name="Blade (ID: 9)" author="EnlightenedOne">
	<panel>
		<panel title="Bullet IDs">
			<field type="label">LVL 1 Bullet ID:</field>
			<field type="label">LVL 2 Bullet ID:</field>
			<field type="label">LVL 3 Bullet ID:</field>
			
			<field type="text" size="1" offset="0x41F5B6" col="1"></field>
			<field type="text" size="1" offset="0x41F5BF"></field>
			<field type="text" size="1" offset="0x41F5C8"></field>
			
		</panel>
		<panel title="Properties and SFX">
			<field type="label">Maximum Shots On-Screen Family:</field>
			<field type="label">Firing Sound:</field>
			<field type="text" size="1" offset="0x41F587" col="1"></field>
			<field type="text" size="1" offset="0x41F6FF"></field>
		</panel>
		<panel>
			<field type="label">The Blade is a rather basic weapon.</field>
			<field type="label">If you want more customization options,</field>
			<field type="label">have another weapon fire its bullets.</field>
		</panel>
	</panel>
</hack>