<?xml version="1.0" encoding="UTF-8"?>
<hack name="Snake (ID: 1)" author="EnlightenedOne">
	<panel>
		<panel>
			<panel title="Bullet IDs">
				<field type="label">LVL 1 Bullet ID:</field>
				<field type="label">LVL 2 Bullet ID:</field>
				<field type="label">LVL 3 Bullet ID:</field>
				<field type="text" size="1" offset="0x41DBF3" col="1"></field>
				<field type="text" size="1" offset="0x41DBFC"></field>
				<field type="text" size="1" offset="0x41DC05"></field>
			</panel>
			<panel>
				<field type="label">*Plus 1, so "1" actually means "2"</field>
			</panel>
		</panel>
		<panel col="1">
			<panel title="Properties and SFX">	
				<field type="label">Maximum Shots On-Screen*:</field>
				<field type="label">Maximum Shots Family:</field>
				<field type="label">Ammo Consumed Per Shot:</field>
				<field type="label">Firing Sound:</field>
				<field type="text" size="1" offset="0x41DC15" col="1"></field>
				<field type="text" size="1" offset="0x41DC0A"></field>
				<field type="text" size="1" offset="0x41DC30"></field>
				<field type="text" size="1" offset="0x41DE53"></field>
			</panel>	
		</panel>
	</panel>
</hack>