<?xml version="1.0" encoding="UTF-8"?>
<hack name="Polar Star" author="Noxid">
<panel>
	<panel title="Level 1 (ID: 4)">
		<panel title="Bullet stats">
		<field type="label">
			Damage
		</field>
		<field type="text" offset="0x48f0f8" size="1"/>
		
		<field  type="label">
			# of Hits
		</field>
		<field type="text" offset="0x48f0f9" size="1"/>
		
		<field type="label">
			Frames to Live
		</field>
		<field type="text" offset="0x48f0fc"/>
		
		<field type="label"></field>
		
		<field type="label" col = "1">
			Hitbox width
		</field>
		<field type="text" offset="0x48f104"/>
		
		<field type="label">
			Hitbox height
		</field>
		<field type="text" offset="0x48f108"/>
		
		<field type="label">
			XP to level up
		</field>
		<field type="text" offset="0x493678"/>
		</panel>
		
		
		<panel title="Flags">
			<field type="flags" size="1" offset="0x48f100">
				<checkbox name="0x01" value="0x01" />
				<checkbox name="0x02" value="0x02" />
				<checkbox name="Ignore solid" value="0x04" />
				<checkbox name="Don't break when hit wall" value="0x08" />
				<checkbox name="0x10" value="0x10" />
				<checkbox name="Break blocks" value ="0x20" />
				<checkbox name="Pierce blocks" value="0x40" />
				<checkbox name="0x80" value="0x80" />
			</field>
		</panel>
		

		<panel title="graphicals" col="2">
			<field type="label">Sprite offset - Left</field>
			<field type="text" offset="0x48f114" />
			
			<field type="label">Sprite offset - Top</field>
			<field type="text" offset="0x48f118" />
			
			<field type="label">Sprite Size</field>
			<field type="text" offset="0x48f11c" />
		</panel>
	</panel>



	<panel title="Level 2 (ID: 5)">
		<panel title="Bullet stats">
		<field type="label">
			Damage
		</field>
		<field type="text" offset="0x48f124" size="1"/>
		
		<field  type="label">
			# of Hits
		</field>
		<field type="text" offset="0x48f125" size="1"/>
		
		<field type="label">
			Frames to Live
		</field>
		<field type="text" offset="0x48f128"/>
		
		<field type="label"></field>
		
		<field type="label" col = "1">
			Hitbox width
		</field>
		<field type="text" offset="0x48f130"/>
		
		<field type="label">
			Hitbox height
		</field>
		<field type="text" offset="0x48f134"/>
		
		<field type="label">
			XP to level up
		</field>
		<field type="text" offset="0x49367c"/>
		</panel>
		
		
		<panel title="Flags">
			<field type="flags" size="1" offset="0x48f12c">
				<checkbox name="0x01" value="0x01" />
				<checkbox name="0x02" value="0x02" />
				<checkbox name="Ignore solid" value="0x04" />
				<checkbox name="Don't break when hit wall" value="0x08" />
				<checkbox name="0x10" value="0x10" />
				<checkbox name="Break blocks" value ="0x20" />
				<checkbox name="Pierce blocks" value="0x40" />
				<checkbox name="0x80" value="0x80" />
			</field>
		</panel>
		

		<panel title="graphicals" col="2">
			<field type="label">Sprite offset - Left</field>
			<field type="text" offset="0x48f140" />
			
			<field type="label">Sprite offset - Top</field>
			<field type="text" offset="0x48f144" />
			
			<field type="label">Sprite Size</field>
			<field type="text" offset="0x48f148" />
		</panel>
	</panel>



	<panel title="Level 3 (ID: 6)">
		<panel title="Bullet stats">
		<field type="label">
			Damage
		</field>
		<field type="text" offset="0x48f150" size="1"/>
		
		<field  type="label">
			# of Hits
		</field>
		<field type="text" offset="0x48f151" size="1"/>
		
		<field type="label">
			Frames to Live
		</field>
		<field type="text" offset="0x48f154"/>
		
		<field type="label"></field>
		
		<field type="label" col = "1">
			Hitbox width
		</field>
		<field type="text" offset="0x48f15c"/>
		
		<field type="label">
			Hitbox height
		</field>
		<field type="text" offset="0x48f160"/>
		
		<field type="label">
			XP to level up
		</field>
		<field type="text" offset="0x493680"/>
		</panel>
		
		
		<panel title="Flags">
			<field type="flags" size="1" offset="0x48f158">
				<checkbox name="0x01" value="0x01" />
				<checkbox name="0x02" value="0x02" />
				<checkbox name="Ignore solid" value="0x04" />
				<checkbox name="Don't break when hit wall" value="0x08" />
				<checkbox name="0x10" value="0x10" />
				<checkbox name="Break blocks" value ="0x20" />
				<checkbox name="Pierce blocks" value="0x40" />
				<checkbox name="0x80" value="0x80" />
			</field>
		</panel>
		

		<panel title="graphicals" col="2">
			<field type="label">Sprite offset - Left</field>
			<field type="text" offset="0x48f16c" />
			
			<field type="label">Sprite offset - Top</field>
			<field type="text" offset="0x48f170" />
			
			<field type="label">Sprite Size</field>
			<field type="text" offset="0x48f174" />
		</panel>
	</panel>
</panel>
</hack>