<?xml version="1.0" encoding="UTF-8"?>
<hack name="Intro Cutscene (IntroState 1)" author="Noxid and BLink">
	<panel>
		<field  type="label">
			Title event
		</field>
		<field type="text" offset="0x00F763" size="1"/>
		<field type="label">
			Title map
		</field>
		<field type="text" offset="0x00F765" size="1"/>
		<field type="label">
			Title focus(X)
		</field>
		<field type="text" offset="0x00F761" size="1"/>
		
		<field type="label">
			Title focus(Y)
		</field>
		<field type="text" offset="0x00F75F" size="1"/>
		<field  type="label">
			Intro cutscene screen time
		</field>
		<field type="text" offset="0x40F7A0" size="4"/>
	</panel>	
</hack>